"","gr1","gr2","gr3"
"intercept",1.48599205549401,0.628524773983501,0.775968958604848
"greater6days",0.217277077112166,0.125317892782923,0.153205553063715
"saturday",0.237244331252317,0.258982513056427,0.045613398650892
"tueswed",0.0156968945246659,-0.0788152272365511,-0.00752125945854661
